day,month,year,tavg,precip,globrad
1,1,1993,-8.8,0,434
2,1,1993,-11.3,0,430
3,1,1993,-13.8,0,410
4,1,1993,-11.9,0,425
5,1,1993,-4.2,0.4,443
6,1,1993,4.4,10.1,100
7,1,1993,2.8,0.1,149
8,1,1993,1.7,0.5,179
9,1,1993,2.9,4,238
10,1,1993,8.9,0.3,154
11,1,1993,10.1,2.8,154
12,1,1993,4.2,10.5,142
13,1,1993,4.8,0.7,316
14,1,1993,6.4,0.8,287
15,1,1993,4,0,298
16,1,1993,11.5,0,287
17,1,1993,10.2,0,495
18,1,1993,5.5,0,157
19,1,1993,4.4,1.2,198
20,1,1993,7.6,2.6,142
21,1,1993,7.2,0.8,355
22,1,1993,8.4,0.3,167
23,1,1993,5,1.6,324
24,1,1993,8.5,2.9,225
25,1,1993,2.1,2,169
26,1,1993,1,11.1,125
27,1,1993,-2.6,0,420
28,1,1993,-4.1,0,205
29,1,1993,-4.5,0,219
30,1,1993,-5.5,0,375
31,1,1993,-6.3,0,493
1,2,1993,-3.6,0,245
2,2,1993,-1.9,0,582
3,2,1993,-1.9,0,199
4,2,1993,-0.2,0,697
5,2,1993,0.8,1.4,199
6,2,1993,2.4,3.9,199
7,2,1993,0.6,0,495
8,2,1993,2.4,0.1,245
9,2,1993,3,0,245
10,2,1993,-0.1,0,199
11,2,1993,-0.2,0,199
12,2,1993,1.6,0,719
13,2,1993,-0.2,0,245
14,2,1993,1.7,0,245
15,2,1993,0.8,0,355
16,2,1993,-0.1,5.9,199
17,2,1993,2.6,2.9,245
18,2,1993,2.5,2.5,625
19,2,1993,3,4.9,333
20,2,1993,1.8,5.8,728
21,2,1993,-1.3,12.4,366
22,2,1993,-7,0.2,918
23,2,1993,-3,0,589
24,2,1993,-0.6,1,245
25,2,1993,-0.2,0.7,199
26,2,1993,-2.6,0.1,539
27,2,1993,-1.2,0,308
28,2,1993,-0.1,0,269
1,3,1993,-0.1,0,1147
2,3,1993,-2.2,0,1161
3,3,1993,-4.8,0.5,809
4,3,1993,-6.4,0,803
5,3,1993,-3.1,1.3,644
6,3,1993,3.4,0,774
7,3,1993,1.6,0,999
8,3,1993,-0.2,0,908
9,3,1993,-0.3,0,1332
10,3,1993,4.4,0,1211
11,3,1993,2.1,0,879
12,3,1993,4.5,0,717
13,3,1993,6.2,0,726
14,3,1993,6,0,1107
15,3,1993,8.9,0,1275
16,3,1993,11,1.5,836
17,3,1993,8.8,0.9,307
18,3,1993,10.5,1.1,502
19,3,1993,6.1,0,1140
20,3,1993,6.6,0,1029
21,3,1993,8.5,0.9,1227
22,3,1993,10.4,3.1,710
23,3,1993,6.9,0.7,1037
24,3,1993,5.2,0,1322
25,3,1993,2.4,1.5,726
26,3,1993,0.4,0.2,1108
27,3,1993,0.1,2.7,841
28,3,1993,1.4,0,1062
29,3,1993,0.5,0.3,449
30,3,1993,1.4,0,449
31,3,1993,3.6,0,1156
1,4,1993,6.3,0,1387
2,4,1993,5.8,0,1871
3,4,1993,5.6,0,405
4,4,1993,6.6,0,786
5,4,1993,6.7,1,909
6,4,1993,6.6,7.3,682
7,4,1993,7,3.2,675
8,4,1993,5,0,588
9,4,1993,1.4,0,1114
10,4,1993,1.2,0,1851
11,4,1993,2.8,0,1962
12,4,1993,5.3,0,1931
13,4,1993,7,0,1778
14,4,1993,9.1,0,1704
15,4,1993,9,0,1725
16,4,1993,7.3,0,1915
17,4,1993,12.5,0.8,1799
18,4,1993,10.7,6.4,625
19,4,1993,7.1,0,1873
20,4,1993,7.8,0,1757
21,4,1993,16.1,0,1873
22,4,1993,16.8,0,1757
23,4,1993,15.5,0,1891
24,4,1993,19.2,0,1968
25,4,1993,20.6,0,1957
26,4,1993,20.9,0,2094
27,4,1993,20.2,0,2010
28,4,1993,19.1,0,1978
29,4,1993,18.9,0,2126
30,4,1993,19.3,0,2073
1,5,1993,19.4,0,2350
2,5,1993,17.3,1.4,1820
3,5,1993,11.4,0,601
4,5,1993,9.1,0,2220
5,5,1993,9.9,0.8,2015
6,5,1993,9.1,0,529
7,5,1993,16.6,0,1919
8,5,1993,17.9,0,2307
9,5,1993,19.4,0,2209
10,5,1993,18.7,0,2101
11,5,1993,19.6,0,2101
12,5,1993,20.2,0,2501
13,5,1993,20.2,0,2393
14,5,1993,18.9,1.5,2251
15,5,1993,15.6,0,1937
16,5,1993,12.1,0,2052
17,5,1993,16.9,0,2544
18,5,1993,18,0,2588
19,5,1993,21.2,0,2588
20,5,1993,22.8,0,2469
21,5,1993,19,6.1,1570
22,5,1993,13.5,3.6,529
23,5,1993,16,0,1227
24,5,1993,16.7,0,1786
25,5,1993,18.7,0,2306
26,5,1993,13.4,11.3,976
27,5,1993,11.6,4.5,529
28,5,1993,14.6,2.7,976
29,5,1993,12.2,0.9,1003
30,5,1993,17.7,4.8,2129
31,5,1993,15.1,3.1,2066
1,6,1993,16.2,0,2300
2,6,1993,18.1,0,2027
3,6,1993,14.8,1.6,1278
4,6,1993,16,0,2745
5,6,1993,17.4,0,2778
6,6,1993,20.7,0,2118
7,6,1993,17.3,0,2573
8,6,1993,18,0,2167
9,6,1993,20,0,2800
10,6,1993,23,0,2556
11,6,1993,21.7,0.1,1238
12,6,1993,13.7,45.2,615
13,6,1993,12.8,19.4,615
14,6,1993,15.2,0,1405
15,6,1993,14.6,0,2089
16,6,1993,14,1.9,1320
17,6,1993,15.2,0.3,1622
18,6,1993,16.8,1.6,1417
19,6,1993,15.7,4,615
20,6,1993,14.2,1,1839
21,6,1993,14.9,0,2527
22,6,1993,15.2,0,1585
23,6,1993,14.8,8,1144
24,6,1993,13.6,2.5,1827
25,6,1993,11.4,1.5,1525
26,6,1993,12.3,0.1,1525
27,6,1993,14.1,3,1296
28,6,1993,13.8,0,1640
29,6,1993,17,0.3,1983
30,6,1993,15.5,0,2600
1,7,1993,15.8,0,2469
2,7,1993,20.4,0,2644
3,7,1993,21.6,0,1672
4,7,1993,22,0,1606
5,7,1993,17.5,7.7,1299
6,7,1993,13.1,0.2,1274
7,7,1993,13.5,3.5,1683
8,7,1993,14.7,0,1705
9,7,1993,19.9,0,2669
10,7,1993,17.4,2.6,1639
11,7,1993,11.7,23.9,605
12,7,1993,14,0.2,1697
13,7,1993,12.9,0.4,1743
14,7,1993,16.3,9.2,2103
15,7,1993,15.8,5,690
16,7,1993,17.2,0,1939
17,7,1993,18.6,8.3,1788
18,7,1993,18,0,2192
19,7,1993,18.2,2.5,1626
20,7,1993,15.8,0.6,1906
21,7,1993,14.5,0.7,1469
22,7,1993,14.8,2.2,1996
23,7,1993,15.3,2.8,1397
24,7,1993,18.8,1.6,1636
25,7,1993,17.9,0.7,1694
26,7,1993,14.8,1.3,1950
27,7,1993,13.8,4.8,943
28,7,1993,15.3,2.8,960
29,7,1993,18.4,0,1311
30,7,1993,22.6,0,1939
31,7,1993,15.8,7.1,1500
1,8,1993,16.2,0,1861
2,8,1993,19.8,0,1893
3,8,1993,21.9,0,1983
4,8,1993,20.8,0,1600
5,8,1993,18.4,1.6,829
6,8,1993,15.4,0,1186
7,8,1993,16.8,0,1412
8,8,1993,16.6,8.5,677
9,8,1993,17.7,4.6,1803
10,8,1993,15.6,1.7,808
11,8,1993,14.8,0.6,1726
12,8,1993,21.1,0,1716
13,8,1993,15,0,2149
14,8,1993,19.4,0,2139
15,8,1993,22.5,0,1824
16,8,1993,22.4,0.7,1913
17,8,1993,15.6,0,2090
18,8,1993,16,0,1795
19,8,1993,13.5,0,1057
20,8,1993,18,0,1707
21,8,1993,16.6,0,1109
22,8,1993,15.6,4.6,1100
23,8,1993,12.6,0,1370
24,8,1993,13.5,0,1805
25,8,1993,12.4,2,1349
26,8,1993,12,0.1,1284
27,8,1993,11.8,0.4,797
28,8,1993,11.6,0,1996
29,8,1993,12.8,0,1579
30,8,1993,11.3,7.8,495
31,8,1993,11.8,4.7,540
1,9,1993,13,1.8,588
2,9,1993,12.1,5.8,439
3,9,1993,12.6,8.6,564
4,9,1993,10.8,3.5,1007
5,9,1993,10.3,0.4,1055
6,9,1993,11.9,0,931
7,9,1993,11.2,0,1323
8,9,1993,13.7,3.3,988
9,9,1993,17.5,9.9,1151
10,9,1993,15.3,2.8,477
11,9,1993,13.8,0.5,950
12,9,1993,11.8,0.5,414
13,9,1993,10,7.6,514
14,9,1993,12,0,663
15,9,1993,13.6,1.7,972
16,9,1993,11.8,9.3,414
17,9,1993,8.3,0.4,414
18,9,1993,9.2,0.2,558
19,9,1993,8.4,0,1601
20,9,1993,12.7,0,1407
21,9,1993,17.8,0.4,1141
22,9,1993,17.2,0.3,873
23,9,1993,15.6,0,950
24,9,1993,15.1,0,414
25,9,1993,16.8,9.7,1132
26,9,1993,11.7,0,427
27,9,1993,11.4,0,548
28,9,1993,11.8,0,577
29,9,1993,8.4,0,1519
30,9,1993,5.9,0,1383
1,10,1993,7.9,0,587
2,10,1993,14.1,2.5,713
3,10,1993,13.4,0.2,395
4,10,1993,13,0,1015
5,10,1993,14.6,0,936
6,10,1993,13.1,1.6,443
7,10,1993,12.4,0,690
8,10,1993,11.8,3.1,714
9,10,1993,12.4,4.5,246
10,10,1993,11.6,0,999
11,10,1993,12.3,2.7,308
12,10,1993,15.9,0,443
13,10,1993,14.8,0,663
14,10,1993,13.8,2,411
15,10,1993,6.3,1.2,282
16,10,1993,6,0,801
17,10,1993,3.8,0,928
18,10,1993,1.2,0,1063
19,10,1993,1.3,0,1063
20,10,1993,4.7,0,356
21,10,1993,6,0.4,438
22,10,1993,6.1,0,332
23,10,1993,5,2.4,282
24,10,1993,4.6,0,332
25,10,1993,3.7,0,334
26,10,1993,4.5,0,455
27,10,1993,6.4,0,237
28,10,1993,6,0,282
29,10,1993,3.9,0,282
30,10,1993,1.6,0,999
31,10,1993,0.6,0,749
1,11,1993,-1,0,277
2,11,1993,0.1,0,105
3,11,1993,0,0,105
4,11,1993,1.9,0.4,105
5,11,1993,2.4,0,105
6,11,1993,3.6,3.7,142
7,11,1993,5.8,3.3,142
8,11,1993,6.4,4.4,105
9,11,1993,5.5,0.9,142
10,11,1993,5.9,0,161
11,11,1993,3.4,1.5,188
12,11,1993,3.1,0.1,312
13,11,1993,2.2,0,468
14,11,1993,2.5,10.1,142
15,11,1993,1.2,1.8,142
16,11,1993,0.9,0,161
17,11,1993,0.2,0,188
18,11,1993,-3,0,322
19,11,1993,-1.2,3,188
20,11,1993,-6.3,0,378
21,11,1993,-6.8,0.5,188
22,11,1993,-4.2,7.6,161
23,11,1993,-6,0,378
24,11,1993,-6.3,0,197
25,11,1993,-4.3,0,468
26,11,1993,-6.4,0,142
27,11,1993,-4,0,188
28,11,1993,-4.3,0.3,188
29,11,1993,-6.1,0,161
30,11,1993,-7.6,0,161
1,12,1993,-6,0,115
2,12,1993,0.6,0.6,119
3,12,1993,7,0,119
4,12,1993,7.7,0,212
5,12,1993,5.6,0,263
6,12,1993,6.2,0,119
7,12,1993,2.6,6,173
8,12,1993,2.8,7.5,119
9,12,1993,6.1,14.7,119
10,12,1993,4.9,3,177
11,12,1993,4.1,1.2,170
12,12,1993,3.5,0.6,119
13,12,1993,3.6,9.7,100
14,12,1993,2,1.8,100
15,12,1993,2.8,1.2,119
16,12,1993,5.1,2.7,207
17,12,1993,4.3,0.2,108.7
18,12,1993,4.7,0.3,136
19,12,1993,10.6,7.6,119
20,12,1993,3.2,2.8,119
21,12,1993,0.7,0.6,115
22,12,1993,1,7.1,115
23,12,1993,2.6,1.2,177
24,12,1993,1.6,6.6,100
25,12,1993,0.2,12.4,85
26,12,1993,0.7,1.5,100
27,12,1993,-1,0,115
28,12,1993,-2.3,0,222
29,12,1993,-2.9,1,243
30,12,1993,4.1,3.8,222
31,12,1993,6,10.7,166
1,1,1994,3.2,0,228
2,1,1994,0.5,3.1,210
3,1,1994,0.9,2.1,142
4,1,1994,4.2,0.8,415
5,1,1994,5,3.9,233
6,1,1994,4.7,0.2,154
7,1,1994,2.8,0,154
8,1,1994,2.1,0,233
9,1,1994,0.5,0.7,125
10,1,1994,1.9,0.1,100
11,1,1994,2.2,0.8,125
12,1,1994,5.6,8.1,164
13,1,1994,8.5,1,261
14,1,1994,6.4,0,256
15,1,1994,4.1,3.5,174
16,1,1994,-0.1,0.2,215
17,1,1994,-3.3,0,443
18,1,1994,-0.6,1.1,154
19,1,1994,1.8,0.2,154
20,1,1994,1,0.3,142
21,1,1994,2,0.1,154
22,1,1994,4.3,0.1,142
23,1,1994,4.8,12.1,154
24,1,1994,3.3,0.3,324
25,1,1994,4.7,12.9,154
26,1,1994,4,0.5,208
27,1,1994,5,18.3,154
28,1,1994,3,1.6,154
29,1,1994,1.8,3.2,174
30,1,1994,4.2,6.2,154
31,1,1994,3.5,0.2,208
1,2,1994,3.4,0.4,286
2,2,1994,3.5,0,629
3,2,1994,1.3,0,286
4,2,1994,0.4,0,337
5,2,1994,0.3,0,575
6,2,1994,1.1,0,245
7,2,1994,1.4,0,245
8,2,1994,0.6,0,245
9,2,1994,2.6,0.3,315
10,2,1994,2.7,0,344
11,2,1994,1.8,4.4,286
12,2,1994,-4.1,0.4,286
13,2,1994,-11.2,0,918
14,2,1994,-8,0,925
15,2,1994,-6.1,0,918
16,2,1994,-5.6,0,918
17,2,1994,-6.2,0,763
18,2,1994,-6.5,0.3,615
19,2,1994,-5.6,0.7,286
20,2,1994,-4.6,0,539
21,2,1994,-0.8,1.7,340
22,2,1994,-2.5,3,517
23,2,1994,-5,0,575
24,2,1994,-5,0.6,575
25,2,1994,-4,0.1,459
26,2,1994,-1.3,0,317
27,2,1994,6,0,373
28,2,1994,4.4,0,402
1,3,1994,-0.2,4.8,307
2,3,1994,1.6,2.3,307
3,3,1994,3.4,0.1,462
4,3,1994,2,0,850
5,3,1994,4.6,4.4,1132
6,3,1994,6.2,0.1,944
7,3,1994,6.5,3.6,307
8,3,1994,8.9,0,307
9,3,1994,11.9,0,459
10,3,1994,7.3,0.2,950
11,3,1994,5,0,1330
12,3,1994,5.8,1.5,468
13,3,1994,4.7,11.7,449
14,3,1994,7.1,7.4,497
15,3,1994,4.8,2,602
16,3,1994,2.4,7.2,831
17,3,1994,2.6,3.8,745
18,3,1994,1.2,12.2,579
19,3,1994,3.9,6.1,890
20,3,1994,1.8,0.6,962
21,3,1994,0.6,0.5,307
22,3,1994,3.8,0,889
23,3,1994,10.6,4.3,449
24,3,1994,8.8,0.2,1204
25,3,1994,8.6,14.3,497
26,3,1994,4.5,2.7,764
27,3,1994,3.5,0,989
28,3,1994,5.4,0.4,1325
29,3,1994,9.5,0.4,384
30,3,1994,9.9,0,1179
31,3,1994,9.8,1.4,962
1,4,1994,11.3,3.9,747
2,4,1994,6,0,1390
3,4,1994,4.2,0,1419
4,4,1994,6.4,2.2,1180
5,4,1994,4.8,0,1453
6,4,1994,5.2,0,1528
7,4,1994,5,0,1457
8,4,1994,6.5,0.2,1195
9,4,1994,5.1,1.2,1156
10,4,1994,6.3,2.4,405
11,4,1994,8.5,8.8,617
12,4,1994,11.2,23.4,588
13,4,1994,7.3,0,1339
14,4,1994,6,3.4,405
15,4,1994,6.6,0,1457
16,4,1994,7.9,0,1329
17,4,1994,5.7,0,588
18,4,1994,4.2,0,1538
19,4,1994,6.8,0,1780
20,4,1994,9.1,0,2073
21,4,1994,11.8,0,1831
22,4,1994,11.9,0,1851
23,4,1994,15,0,2010
24,4,1994,14.5,0,2137
25,4,1994,12.7,0,2123
26,4,1994,11.2,0,1699
27,4,1994,12.7,0,1396
28,4,1994,14.1,0,1267
29,4,1994,14.2,0,1144
30,4,1994,17.1,0.5,1508
1,5,1994,7.6,0,988
2,5,1994,9.2,0,2373
3,5,1994,10.1,0,2533
4,5,1994,12.8,3,2220
5,5,1994,10.2,4.9,869
6,5,1994,10.1,0,1961
7,5,1994,13.2,0,2415
8,5,1994,13.4,0,2642
9,5,1994,16.4,0,2371
10,5,1994,12.2,0,1698
11,5,1994,15.8,0,2458
12,5,1994,14.6,2.1,1941
13,5,1994,13.6,4.6,2002
14,5,1994,18.2,0,2273
15,5,1994,16.6,0,1658
16,5,1994,16.2,2.2,1937
17,5,1994,16.8,0,1543
18,5,1994,17.4,11.2,1244
19,5,1994,9.8,29.6,529
20,5,1994,8,7.7,529
21,5,1994,12.3,2.7,1574
22,5,1994,13.9,0.9,1597
23,5,1994,12.4,11.9,529
24,5,1994,15.2,0,1937
25,5,1994,13.7,1.2,529
26,5,1994,13.9,1.8,1300
27,5,1994,9.8,0.2,1044
28,5,1994,10,1.9,1574
29,5,1994,9.8,1,887
30,5,1994,10.8,2.2,2030
31,5,1994,11.9,0.2,1432
1,6,1994,15.2,0,2369
2,6,1994,20,2.4,1311
3,6,1994,16.5,0,1561
4,6,1994,11.8,4.9,1680
5,6,1994,11.3,11.5,1104
6,6,1994,11.8,0,2080
7,6,1994,15,0,996
8,6,1994,18.4,0,2116
9,6,1994,11,0.1,1264
10,6,1994,12,3.7,1489
11,6,1994,13.5,0,2020
12,6,1994,16,0,2634
13,6,1994,13.1,0.1,615
14,6,1994,17,0,2092
15,6,1994,13.2,0.1,2523
16,6,1994,10.8,2.1,1023
17,6,1994,10.9,0,1925
18,6,1994,14.6,4.9,889
19,6,1994,18,0,1718
20,6,1994,15.5,0,2584
21,6,1994,18.3,0,1959
22,6,1994,19.5,0,1800
23,6,1994,14.2,0,2756
24,6,1994,14.9,0,2709
25,6,1994,21,0,2834
26,6,1994,23.6,0,2482
27,6,1994,22.9,0,1911
28,6,1994,23.6,0,2578
29,6,1994,23,6,1453
30,6,1994,17,0,2493
1,7,1994,17.2,0,2633
2,7,1994,19.7,0,2827
3,7,1994,22,0,2705
4,7,1994,23.8,0.2,2510
5,7,1994,18.1,0.6,1469
6,7,1994,19.9,0,2535
7,7,1994,17,28.1,1685
8,7,1994,14.8,9.7,825
9,7,1994,18.7,0,2192
10,7,1994,20.2,0,2492
11,7,1994,21.4,0,2705
12,7,1994,23.3,0,2666
13,7,1994,24.8,0,2657
14,7,1994,24.8,0,2730
15,7,1994,23.4,0.4,2158
16,7,1994,21.7,0,2111
17,7,1994,21.1,5.6,1812
18,7,1994,18.2,0,2158
19,7,1994,18.5,0,2390
20,7,1994,19.4,0,2710
21,7,1994,21.6,0,2699
22,7,1994,24.4,0,2681
23,7,1994,24.6,0,2730
24,7,1994,24.2,0,2657
25,7,1994,25.8,0,2571
26,7,1994,27.4,0,2096
27,7,1994,25.6,0,2025
28,7,1994,26.6,0,2523
29,7,1994,27.6,0,2413
30,7,1994,27.9,0,2235
31,7,1994,28.2,0,2206
1,8,1994,28.7,0,2332
2,8,1994,24.8,0,1454
3,8,1994,22.7,0,2332
4,8,1994,23,0,2300
5,8,1994,26.3,0.2,2321
6,8,1994,21.4,0,1864
7,8,1994,22.4,0.3,1972
8,8,1994,21.8,0,1962
9,8,1994,21,0,1803
10,8,1994,22.9,0,1750
11,8,1994,18.7,27.3,743
12,8,1994,17.4,2.6,677
13,8,1994,14.6,3.5,743
14,8,1994,11.9,3.9,1035
15,8,1994,14.9,0,797
16,8,1994,12.5,0,1610
17,8,1994,18.5,9.2,1687
18,8,1994,13.5,22.6,1178
19,8,1994,14.8,6.8,571
20,8,1994,15.9,0,1589
21,8,1994,15.2,0,1067
22,8,1994,15.6,0,1944
23,8,1994,17,0,1986
24,8,1994,18,0.3,901
25,8,1994,17.3,10.9,743
26,8,1994,16,1.8,950
27,8,1994,19.2,3.1,1381
28,8,1994,13.8,5.1,1100
29,8,1994,15.4,0,1903
30,8,1994,14.8,0,1683
31,8,1994,16.2,3.6,1903
1,9,1994,16.1,1.2,427
2,9,1994,17.6,6.3,787
3,9,1994,15.8,0,969
4,9,1994,17,1.2,1185
5,9,1994,15.2,4.5,414
6,9,1994,14,10.3,1046
7,9,1994,12.8,0.2,414
8,9,1994,16.4,11.4,489
9,9,1994,15.1,0,1480
10,9,1994,12.9,14.6,845
11,9,1994,13.1,0,1256
12,9,1994,16.2,1.6,663
13,9,1994,15.6,0,1343
14,9,1994,16.6,2.6,912
15,9,1994,14,6,787
16,9,1994,12.1,0.3,548
17,9,1994,10.8,2.2,558
18,9,1994,11.6,7.4,489
19,9,1994,11.2,0.3,501
20,9,1994,12.2,0,845
21,9,1994,12.8,0.1,414
22,9,1994,12.9,0,551
23,9,1994,13.4,0,1113
24,9,1994,15.1,0,1199
25,9,1994,15.6,0,526
26,9,1994,14.8,0,862
27,9,1994,14.6,0,663
28,9,1994,9.8,0,1371
29,9,1994,13.4,0,577
30,9,1994,11.4,0,548
1,10,1994,8.2,0,618
2,10,1994,9.3,0,282
3,10,1994,10.3,2.5,282
4,10,1994,5.4,0,936
5,10,1994,4.4,0.5,356
6,10,1994,4.3,0,997
7,10,1994,5.5,0,1081
8,10,1994,6.5,0,364
9,10,1994,4,0,920
10,10,1994,4.7,0,920
11,10,1994,4.4,0,991
12,10,1994,8.7,0,976
13,10,1994,9.2,0,282
14,10,1994,10,0,840
15,10,1994,9.9,0,1055
16,10,1994,8.2,0.1,769
17,10,1994,1.7,0,1047
18,10,1994,1.6,0,788
19,10,1994,3.6,0,1006
20,10,1994,5.2,0,1014
21,10,1994,7.1,0,1073
22,10,1994,8.8,0,847
23,10,1994,9.8,0.3,309.2
24,10,1994,10.8,0,928
25,10,1994,9.3,0.8,817
26,10,1994,8.1,0,737
27,10,1994,8.8,0.2,520
28,10,1994,7.4,0,403
29,10,1994,6.5,1.7,721
30,10,1994,11.8,16.2,237
31,10,1994,15.4,1.9,332
1,11,1994,11.3,0.3,477
2,11,1994,5.1,0,580
3,11,1994,4.6,0,658
4,11,1994,6.7,0,601
5,11,1994,9.8,0,569
6,11,1994,8.3,0.1,574
7,11,1994,7.5,0.1,142
8,11,1994,6.4,0.3,142
9,11,1994,5,0,275
10,11,1994,5.1,0,142
11,11,1994,3,0,465
12,11,1994,-1,0,188
13,11,1994,-0.9,1.9,384
14,11,1994,8.9,12.2,142
15,11,1994,10.7,7,311
16,11,1994,8.8,1.2,233
17,11,1994,5.7,9.8,200
18,11,1994,5.3,0,244
19,11,1994,4.8,1.4,249
20,11,1994,12.4,1.3,161
21,11,1994,7.8,0,451
22,11,1994,5,0,191
23,11,1994,2.4,0,105
24,11,1994,8.2,2.5,142
25,11,1994,5.1,0.3,412
26,11,1994,5.9,3,142
27,11,1994,6.7,0.3,142
28,11,1994,8.4,0,529
29,11,1994,7.1,0,185
30,11,1994,3.5,1.1,142
1,12,1994,0.6,0,415
2,12,1994,-2.3,0,197
3,12,1994,2,0.8,303
4,12,1994,6.8,0.5,314
5,12,1994,7.4,1,162
6,12,1994,6,2,166
7,12,1994,2.5,0,305
8,12,1994,5.6,2.5,282
9,12,1994,5.1,4,115
10,12,1994,2.6,4.5,100
11,12,1994,12.1,0.7,115
12,12,1994,11.4,14.3,119
13,12,1994,7.8,1,166
14,12,1994,1,0,181
15,12,1994,-0.8,0,329
16,12,1994,0,1,119.9
17,12,1994,1.7,0,115
18,12,1994,0.5,0,270
19,12,1994,1.8,0.3,115
20,12,1994,0.6,0,222
21,12,1994,1.4,0,100
22,12,1994,0.9,0,100
23,12,1994,-0.4,0,115
24,12,1994,-2.7,0,115
25,12,1994,-3.1,0,100
26,12,1994,-0.4,1.6,115
27,12,1994,4.2,9.3,100
28,12,1994,7.6,3.3,100
29,12,1994,11.6,4.3,119
30,12,1994,6.6,1.2,146
31,12,1994,5.4,4.3,158
1,1,1995,1,4.4,213
2,1,1995,-0.8,1.1,142
3,1,1995,-1.4,0,474
4,1,1995,-8,0,418
5,1,1995,-6,0,262
6,1,1995,-9,0,444
7,1,1995,-5,0.1,142
8,1,1995,-5.9,0.8,142
9,1,1995,-1.2,6.5,125
10,1,1995,2.3,2.4,159
11,1,1995,0.7,0.3,154
12,1,1995,-0.3,0,169
13,1,1995,-2.8,0,248
14,1,1995,-0.5,0.4,158
15,1,1995,2.3,0.5,125
16,1,1995,2.1,0,266
17,1,1995,0.1,0,503
18,1,1995,-0.2,0,433
19,1,1995,-2.4,1.3,142
20,1,1995,-0.8,1.9,184
21,1,1995,1,5.1,288
22,1,1995,3.8,8.1,125
23,1,1995,6,1.1,303
24,1,1995,4.6,1.2,193
25,1,1995,2.6,2.3,125
26,1,1995,9.8,3.2,164
27,1,1995,2.1,3,278
28,1,1995,4.6,4.3,158
29,1,1995,6.7,3.1,142
30,1,1995,1.4,2.6,153
31,1,1995,-0.9,0,142
1,2,1995,7.9,0.6,299
2,2,1995,4.2,0.5,445
3,2,1995,1,0,358
4,2,1995,5.6,6.6,286
5,2,1995,5.4,0,320
6,2,1995,8.8,0.1,245
7,2,1995,5.9,7,286
8,2,1995,0.2,3.8,199
9,2,1995,-1.4,0,798
10,2,1995,-1.3,3.9,676
11,2,1995,5.1,3.5,245
12,2,1995,7.4,0,503
13,2,1995,6,0.8,589
14,2,1995,6.6,0.9,373
15,2,1995,6.1,5.3,253
16,2,1995,6.5,4.3,762
17,2,1995,5.8,2.4,467
18,2,1995,3.6,0.6,562
19,2,1995,5.2,4.9,394
20,2,1995,6.1,4.7,714
21,2,1995,8.2,1.9,654
22,2,1995,4.4,0,932
23,2,1995,3.2,0,531
24,2,1995,3.8,0.3,582
25,2,1995,3,3.4,402
26,2,1995,0.8,1.1,199
27,2,1995,1.8,3.8,546
28,2,1995,6.8,0.8,245
1,3,1995,9.6,0,641
2,3,1995,4,1.6,812
3,3,1995,5.1,1.5,459
4,3,1995,1.4,0,908
5,3,1995,3,0.6,1354
6,3,1995,4.3,0,1062
7,3,1995,1.5,0,1098
8,3,1995,3.2,0,1413
9,3,1995,1.7,0,1053
10,3,1995,2.6,0,1269
11,3,1995,0.2,0,371
12,3,1995,3.8,0,965
13,3,1995,2.1,0,502
14,3,1995,-2.6,0,647
15,3,1995,0.8,0.7,538
16,3,1995,1,2.2,397
17,3,1995,5.8,1.9,516
18,3,1995,5.8,0.3,728
19,3,1995,3.1,2.7,1032
20,3,1995,3.8,2.3,863
21,3,1995,4.6,0.6,823
22,3,1995,4,1.2,1243
23,3,1995,7.6,0,881
24,3,1995,9.2,0,1029
25,3,1995,6.1,1.6,1180
26,3,1995,5.6,9.9,879
27,3,1995,2.4,5.3,1080
28,3,1995,-0.1,9.3,579
29,3,1995,-1,2.7,579
30,3,1995,0.6,0,1335.7
31,3,1995,3.6,1.5,1233
1,4,1995,8,0.1,1385
2,4,1995,11.7,0.5,1266
3,4,1995,10.6,0,964
4,4,1995,6.7,2.5,1336
5,4,1995,6.2,0,1770
6,4,1995,9,0.5,702
7,4,1995,7.1,4.5,601
8,4,1995,4.1,0.6,1407
9,4,1995,3.8,0,1715
10,4,1995,5.7,0.4,1689
11,4,1995,5.8,0,650
12,4,1995,6.2,0,687
13,4,1995,4.1,0,909
14,4,1995,7.7,0,1861
15,4,1995,4.9,16.4,926
16,4,1995,4.5,1.5,736
17,4,1995,4.6,2.6,897
18,4,1995,8.1,2.7,796
19,4,1995,6.2,5.7,625
20,4,1995,5.6,0,773
21,4,1995,6.6,0,601
22,4,1995,19,0,2052
23,4,1995,19.6,0,2147
24,4,1995,16.8,0,2002
25,4,1995,16.4,0.6,2168
26,4,1995,11.8,0.1,1829
27,4,1995,7.8,0,405
28,4,1995,7.4,0,812
29,4,1995,7.4,0,1831
30,4,1995,11.4,0,1915
1,5,1995,10.4,0,2317
2,5,1995,9.3,0,2555
3,5,1995,12.6,0,2469
4,5,1995,15,0,2415
5,5,1995,16.5,0,2306.2
6,5,1995,13.4,0,2236
7,5,1995,11.4,0,2019
8,5,1995,13,2.5,1398
9,5,1995,9.2,4.3,1351
10,5,1995,7.9,4.6,1030
11,5,1995,8.2,0.6,1462
12,5,1995,9.4,4,619
13,5,1995,6.9,20.6,529
14,5,1995,7.6,0,1421
15,5,1995,8.9,0,2274
16,5,1995,11.2,0.1,1421
17,5,1995,12.1,0.5,1044
18,5,1995,11.4,8.1,1000
19,5,1995,8,0,1539
20,5,1995,10.1,0,1576
21,5,1995,10.2,0,2295
22,5,1995,11.6,0,2523
23,5,1995,15.2,0,2242
24,5,1995,16.8,0,2663
25,5,1995,17.4,0,2685
26,5,1995,20.2,0,2350
27,5,1995,19,5.1,2160
28,5,1995,18.8,0,2483
29,5,1995,21.8,1.6,2572
30,5,1995,17.4,8,762
31,5,1995,16,0.1,529
1,6,1995,15,10,615
2,6,1995,10.2,6.7,615
3,6,1995,13.8,0,2381
4,6,1995,16.5,0,1356
5,6,1995,17.4,7.8,2152
6,6,1995,15.9,3.3,1077
7,6,1995,15.6,1,1010
8,6,1995,13.6,1,1537
9,6,1995,11.1,10.9,615
10,6,1995,14.6,0,2109
11,6,1995,12.2,12.1,615
12,6,1995,13.4,11,929
13,6,1995,11.6,13,615
14,6,1995,15.8,0.1,2220
15,6,1995,11.6,1.7,807
16,6,1995,13.1,1.9,1881
17,6,1995,13.9,0.5,1248
18,6,1995,14.9,0.3,1331
19,6,1995,17.1,0,2414
20,6,1995,19.9,0,2016
21,6,1995,18.5,9.3,1693
22,6,1995,10.7,0.4,1291
23,6,1995,12.4,0.6,650
24,6,1995,16.6,0.4,1694
25,6,1995,18,0,2232
26,6,1995,18.9,0,2864
27,6,1995,19.1,0,2889
28,6,1995,17.9,0,2800
29,6,1995,20.4,0,2900
30,6,1995,18.7,0,2491.3
1,7,1995,17.2,0,2710
2,7,1995,18.2,7.7,1639
3,7,1995,18.8,0.2,1456
4,7,1995,15.4,0,1804
5,7,1995,14.8,0,2158
6,7,1995,17.9,0,1550
7,7,1995,22.6,0,2693
8,7,1995,22.9,0,2681
9,7,1995,25.6,0,2596
10,7,1995,23.2,0.2,1766
11,7,1995,21.2,0,1881
12,7,1995,23.6,0,2544
13,7,1995,23.8,0.1,2147
14,7,1995,23.2,6.8,2111
15,7,1995,22.1,0,1824
16,7,1995,20.2,4,1501
17,7,1995,18.9,1.5,1950
18,7,1995,19.1,0,983
19,7,1995,19.6,0,1962
20,7,1995,21.2,0,2578
21,7,1995,26,0,2535
22,7,1995,20.7,0,1754
23,7,1995,15.9,0,2014
24,7,1995,19.4,0,2498
25,7,1995,18.5,0,2620
26,7,1995,19.8,0,2693
27,7,1995,23.4,0,2669
28,7,1995,21.6,0,2218
29,7,1995,22.4,0,2681
30,7,1995,24.7,0,2583
31,7,1995,23.3,0,2632
1,8,1995,21.8,0,2300
2,8,1995,19.9,0,2289
3,8,1995,22.3,0,2152
4,8,1995,19.9,0,1318
5,8,1995,20.4,0,2050
6,8,1995,21.7,0,2332
7,8,1995,21.4,0,2131
8,8,1995,17.9,0,2067
9,8,1995,17,0,2332
10,8,1995,20,0,2237
11,8,1995,20.4,0,2141
12,8,1995,21.7,0,2247
13,8,1995,24.9,0.1,1750
14,8,1995,18.2,3,848
15,8,1995,17.7,4.4,1412
16,8,1995,17.6,0,1316
17,8,1995,18.5,0,1986
18,8,1995,21.2,0,1883
19,8,1995,23.1,0,1877
20,8,1995,23.4,0,1909
21,8,1995,22.2,0,1893
22,8,1995,20.8,0,2120
23,8,1995,23.8,0,1909
24,8,1995,20.4,0,1610
25,8,1995,21.1,0.2,1729
26,8,1995,16.8,0.4,1224
27,8,1995,14.2,3.1,1151
28,8,1995,12.6,3.9,743
29,8,1995,10.9,3.2,981
30,8,1995,12.4,1,1569
31,8,1995,11.4,38.1,495
1,9,1995,12.9,0.4,539
2,9,1995,13.5,2.9,940
3,9,1995,14.8,0,596
4,9,1995,14.8,1.3,800
5,9,1995,13.6,0,1007
6,9,1995,14.5,0,1157
7,9,1995,17.5,0,1652
8,9,1995,15.2,1.6,452
9,9,1995,15.7,1.1,625
10,9,1995,14.8,0,1250
11,9,1995,17.4,1.2,965
12,9,1995,15.9,0.1,1287
13,9,1995,18.8,0,1268
14,9,1995,15.5,0,548
15,9,1995,14.3,0,558
16,9,1995,13.8,0,953
17,9,1995,14.6,0,1361
18,9,1995,13.2,0,1151
19,9,1995,11.9,4.2,567
20,9,1995,10.8,11.5,414
21,9,1995,11.4,0,1352
22,9,1995,12.2,0,1445
23,9,1995,14.3,0,739
24,9,1995,14,0.2,873
25,9,1995,13.8,0,1445
26,9,1995,13.8,9.4,606
27,9,1995,11.1,7.3,414
28,9,1995,7.2,1,1371
29,9,1995,6.8,1.4,950
30,9,1995,6.3,1.2,1111
1,10,1995,8,1.3,855
2,10,1995,11,0,976
3,10,1995,14.7,0,863
4,10,1995,16.4,0,856
5,10,1995,16.5,0,848
6,10,1995,15,0,539
7,10,1995,17.1,0,830
8,10,1995,16.1,0.4,419
9,10,1995,16,0,1089
10,10,1995,16,0,1071
11,10,1995,13.6,0,999
12,10,1995,12.4,0.2,237
13,10,1995,15.1,0,282
14,10,1995,14,0,332
15,10,1995,10.6,0,533
16,10,1995,11.8,0,628
17,10,1995,11.5,0,237
18,10,1995,11.7,0.3,325
19,10,1995,11.8,0,475
20,10,1995,10,0.4,435
21,10,1995,3.6,0,952
22,10,1995,5.2,0,964
23,10,1995,6.3,0,872
24,10,1995,7.3,0,1081
25,10,1995,11.2,0,1056
26,10,1995,10.3,0,626
27,10,1995,14.2,2.1,420
28,10,1995,7.8,0.1,737
29,10,1995,5.9,1.8,299
30,10,1995,4.2,0.6,237
31,10,1995,4.1,3.9,328
1,11,1995,6.7,2.7,188
2,11,1995,3.4,2.3,203
3,11,1995,1.2,4.6,354
4,11,1995,0.8,1.3,300
5,11,1995,0.1,0,678
6,11,1995,4,6,188
7,11,1995,1.2,0,607
8,11,1995,0,0.3,479
9,11,1995,4.6,1.7,142
10,11,1995,6.6,0,206
11,11,1995,5.1,0,161
12,11,1995,3,0,395
13,11,1995,-0.2,0,558
14,11,1995,3.8,0.2,161
15,11,1995,7.8,4.2,199
16,11,1995,9.8,1.1,179
17,11,1995,1.5,0,347
18,11,1995,-0.7,2.6,378
19,11,1995,1.6,6.4,275
20,11,1995,-3.6,0,601
21,11,1995,-4,0,595
22,11,1995,-3.3,0,535
23,11,1995,2,0,142
24,11,1995,2.9,0,245
25,11,1995,0,0,372
26,11,1995,-0.8,0,529
27,11,1995,-1.2,0,571
28,11,1995,-0.9,0.2,142
29,11,1995,0,0.1,142
30,11,1995,-2,0,142
1,12,1995,-3.1,0,344
2,12,1995,-2.9,0,115
3,12,1995,-2.4,0,115
4,12,1995,-2.8,0,158
5,12,1995,-6.6,0,257
6,12,1995,-5.8,0,119
7,12,1995,-3.2,7.4,115
8,12,1995,-1.4,0,100
9,12,1995,-1.1,0,100
10,12,1995,0.2,1.1,100
11,12,1995,1.7,0.2,100
12,12,1995,0.4,0.4,119
13,12,1995,-1.3,0.1,115
14,12,1995,-3,0,115
15,12,1995,-5.6,0,115
16,12,1995,-6.4,0,115
17,12,1995,-4.7,0,100
18,12,1995,-2,0.3,100
19,12,1995,-0.1,0,100
20,12,1995,-3.4,0.1,119
21,12,1995,-6.8,0,235
22,12,1995,-0.8,11.2,136
23,12,1995,7.6,6.6,100
24,12,1995,-1.6,0,115
25,12,1995,-1.6,0.9,115
26,12,1995,-5.8,0.7,149
27,12,1995,-7.6,0,148
28,12,1995,-7.9,0,115
29,12,1995,-12.9,0,352
30,12,1995,-14.3,0,313
31,12,1995,-11.4,0.3,193
1,1,1996,-9,0,142
2,1,1996,-7.4,0,154
3,1,1996,-2.7,0.3,203
4,1,1996,-6.6,0,154
5,1,1996,-4.3,0,173
6,1,1996,-3.7,0,154
7,1,1996,-1,1.1,213
8,1,1996,1.4,0.1,142
9,1,1996,0.5,0,142
10,1,1996,0.2,0,142
11,1,1996,-0.4,0,215
12,1,1996,-0.2,0,196
13,1,1996,-1.4,0,225
14,1,1996,-1,0,125
15,1,1996,-0.8,0,142
16,1,1996,-2.8,0,142
17,1,1996,-3.7,0,142
18,1,1996,-2.6,0.2,142
19,1,1996,-1.6,0,142
20,1,1996,-6.7,0,154
21,1,1996,-8.4,0,395
22,1,1996,-6.4,0,233
23,1,1996,-8,0,527
24,1,1996,-10.6,0,537
25,1,1996,-13,0,537
26,1,1996,-12.1,0,188
27,1,1996,-10.9,0,157
28,1,1996,-8,0,459
29,1,1996,-7.1,0,584
30,1,1996,-2.8,0,154
31,1,1996,-3.2,0,292
1,2,1996,-5.3,0,854
2,2,1996,-6.5,0,601
3,2,1996,-4.9,0.5,294
4,2,1996,-4.7,0.4,286
5,2,1996,-9.2,0.2,704
6,2,1996,-10,0,875
7,2,1996,-11.6,0,854
8,2,1996,-12.8,0,826
9,2,1996,-14.2,0,904
10,2,1996,-10.3,0.2,299
11,2,1996,-2.7,0,286
12,2,1996,1.2,1.4,286
13,2,1996,-1,0,443
14,2,1996,-1.1,0.1,286
15,2,1996,-1.3,1,587
16,2,1996,3.4,4,245
17,2,1996,1.4,4,308
18,2,1996,1.1,9.4,219
19,2,1996,1.6,0.3,293
20,2,1996,-1.2,0.4,286
21,2,1996,-3.7,1,286
22,2,1996,-5,0,423
23,2,1996,-6.4,0,358
24,2,1996,-5,0,784
25,2,1996,2.7,0,594
26,2,1996,3.1,0,918
27,2,1996,1.8,0,906
28,2,1996,-0.5,0,404
29,2,1996,0.2,0,245
1,3,1996,0.7,0,1251
2,3,1996,-1,0.1,863
3,3,1996,-2,0,449
4,3,1996,-3.2,0,934
5,3,1996,0.8,0,881
6,3,1996,0.2,2.2,307
7,3,1996,-0.3,0,1251
8,3,1996,-1.1,0,1386
9,3,1996,-1.7,0,1370
10,3,1996,-3,0.1,908
11,3,1996,-4,0,574
12,3,1996,-3.2,0.2,1143
13,3,1996,-2.3,0,449
14,3,1996,-0.8,0,449
15,3,1996,0,0,631
16,3,1996,0.8,0,449
17,3,1996,0.8,0,307
18,3,1996,1.4,0,1156
19,3,1996,-0.1,0,697
20,3,1996,1.1,0,1386
21,3,1996,0.8,0,1223
22,3,1996,3.6,0,697
23,3,1996,5.6,7.1,782
24,3,1996,3.6,0,307
25,3,1996,0.5,0,307
26,3,1996,2.8,0,697
27,3,1996,0.6,0,1555
28,3,1996,2.2,0,896.3
29,3,1996,1.8,0.5,719
30,3,1996,0.8,2.6,611
31,3,1996,-1,0.6,583
1,4,1996,-1,0,1674
2,4,1996,0.4,0,1578
3,4,1996,2.4,0,702
4,4,1996,4.2,0,921
5,4,1996,4.8,0,405
6,4,1996,8.5,0,1548
7,4,1996,8.8,0,1851
8,4,1996,7.9,0,1891
9,4,1996,7.1,0,1612
10,4,1996,7.5,2.4,1157
11,4,1996,0.8,0,588
12,4,1996,0.2,0.8,1387
13,4,1996,1.2,1.2,975
14,4,1996,4.8,0,1800
15,4,1996,6.6,0,2126
16,4,1996,7.4,0,2094
17,4,1996,10.2,0,2052
18,4,1996,11.4,0,2052
19,4,1996,13.2,0,2031
20,4,1996,15.8,0,1989
21,4,1996,18.2,0,2073
22,4,1996,19.8,0,1968
23,4,1996,20.6,0.1,2158
24,4,1996,12.2,5.7,405
25,4,1996,11.9,0,1558
26,4,1996,11.4,0,1326
27,4,1996,11.6,0,1992
28,4,1996,13.3,1.6,1689
29,4,1996,9.2,0,1407
30,4,1996,12.5,0,1256
1,5,1996,11.4,0,1152
2,5,1996,12.4,3.1,976
3,5,1996,12.6,37.2,1263
4,5,1996,8.8,3.9,841
5,5,1996,6.3,0,1997
6,5,1996,9.2,0.9,1875
7,5,1996,8.2,4.1,760
8,5,1996,8.2,5.4,760
9,5,1996,5.5,5.3,529
10,5,1996,6.4,0.4,529
11,5,1996,10.2,0,774
12,5,1996,9.4,0,529
13,5,1996,13.8,0,1567
14,5,1996,13.2,0,1637
15,5,1996,12.8,0.6,1128
16,5,1996,9.7,0,760
17,5,1996,14.2,2,1137
18,5,1996,17.6,3.4,1902
19,5,1996,17.8,4.8,1732
20,5,1996,11,8.9,1120
21,5,1996,12.7,5.1,2262
22,5,1996,10.8,4.2,895
23,5,1996,11.9,0.7,949
24,5,1996,15.9,0,1422
25,5,1996,15.1,8.6,1111
26,5,1996,11.3,0.2,1678
27,5,1996,12.6,11.1,1084
28,5,1996,8,0.5,909
29,5,1996,13.6,0,2404
30,5,1996,18.4,0,1492
31,5,1996,22.5,0,2594
1,6,1996,16.8,0,2261
2,6,1996,13.7,0.1,996
3,6,1996,12.7,5,615
4,6,1996,16.6,0,2425
5,6,1996,18.3,0,2436
6,6,1996,21.8,0,2856
7,6,1996,24.6,0,2687
8,6,1996,24,25.8,2493
9,6,1996,21.5,0.8,1658
10,6,1996,20.9,0,2163
11,6,1996,23,0,2334
12,6,1996,20.5,0.2,2243
13,6,1996,13,2.8,2527
14,6,1996,12.7,0,1902
15,6,1996,15,0,2470
16,6,1996,15.2,0,2393
17,6,1996,16.4,0,2607
18,6,1996,15.9,0.7,1976.9
19,6,1996,11.4,5,916
20,6,1996,11.3,0,1453
21,6,1996,12.5,0,1674
22,6,1996,12.7,0,995
23,6,1996,12.2,0,889
24,6,1996,12.6,0,995
25,6,1996,13.9,0,889
26,6,1996,14.8,0,1754
27,6,1996,16.4,0,1236
28,6,1996,14.9,0,1822
29,6,1996,16.7,38.8,1368
30,6,1996,13.2,1.7,970
1,7,1996,15.1,0,1455
2,7,1996,14,2.8,1777
3,7,1996,15.5,0,2103
4,7,1996,18.2,2.8,1190
5,7,1996,19.8,6.8,1708
6,7,1996,13.8,5.8,859
7,7,1996,15.2,1.6,1950
8,7,1996,12,25.1,605
9,7,1996,12.4,3,886
10,7,1996,16.4,3,2412
11,7,1996,14.6,3.1,605
12,7,1996,17.2,0,1201
13,7,1996,19.3,0,1335
14,7,1996,20.2,0,1996
15,7,1996,15.6,0,1837
16,7,1996,14.3,0,1837
17,7,1996,15.9,0,2555
18,7,1996,13.1,11.9,1259
19,7,1996,13.5,0,2434
20,7,1996,13.9,0,2595
21,7,1996,16.6,0,2462
22,7,1996,17,0,2456
23,7,1996,20.6,10.6,2364
24,7,1996,16.6,7.2,892
25,7,1996,16.2,0.4,926
26,7,1996,14.7,0,886
27,7,1996,18.8,0,2388
28,7,1996,18.6,12.4,1177
29,7,1996,18,0.2,1566
30,7,1996,17.6,0.4,1311
31,7,1996,18.2,0,1129
1,8,1996,20.9,0,1829
2,8,1996,18.1,0,1683
3,8,1996,16.2,0,1883
4,8,1996,15.3,0,1245
5,8,1996,16,0.2,1746
6,8,1996,16.6,0,1715
7,8,1996,17.9,0,1475
8,8,1996,18.6,0,819
9,8,1996,19.5,0,2120
10,8,1996,19.4,0,2205
11,8,1996,21.1,0.2,1726
12,8,1996,19.6,1.3,754
13,8,1996,17.2,6.3,1089
14,8,1996,16.6,0.5,1154
15,8,1996,16.7,1.2,586
16,8,1996,17.2,2.8,950
17,8,1996,18,0,1241
18,8,1996,18.1,0,1511
19,8,1996,20.8,0,1962
20,8,1996,21,0,2067
21,8,1996,20.4,0,1982
22,8,1996,19.3,0,1923
23,8,1996,21,0,1902
24,8,1996,19.8,15.7,1468
25,8,1996,16.6,1.2,981
26,8,1996,17.3,0,1892
27,8,1996,18,0,819
28,8,1996,17.3,2.5,495
29,8,1996,17,0,2011
30,8,1996,15.8,0,1569
31,8,1996,15.3,0,992
1,9,1996,12.9,0,1111
2,9,1996,14.1,0,720
3,9,1996,16,0,1602
4,9,1996,14.9,0,1208
5,9,1996,12.5,2.3,1266
6,9,1996,10,1.6,931
7,9,1996,12.1,0.9,1324
8,9,1996,12,6.6,797
9,9,1996,10.8,0.4,936
10,9,1996,11.7,0.8,979
11,9,1996,10.7,0.1,1590
12,9,1996,10,1.9,414
13,9,1996,9.5,12.7,700
14,9,1996,9.9,0.2,998
15,9,1996,9,0,1199
16,9,1996,10.4,0,1157
17,9,1996,9.4,0.1,427
18,9,1996,8.8,0,1419
19,9,1996,8.6,0,1266
20,9,1996,9,0,1150
21,9,1996,9.9,0,653
22,9,1996,9.5,0,1482
23,9,1996,9.2,0.1,596
24,9,1996,8.8,3.8,548
25,9,1996,8.8,1.4,414
26,9,1996,10,0,701
27,9,1996,12.2,2.1,921
28,9,1996,11.4,0,1237
29,9,1996,11.4,6.5,414
30,9,1996,16.3,0,864
1,10,1996,15.4,5,777
2,10,1996,8.7,0,626
3,10,1996,9.5,0,809
4,10,1996,11,1.4,459
5,10,1996,10,0.3,386
6,10,1996,9.1,0,403
7,10,1996,10.8,0,515
8,10,1996,12.2,0,351
9,10,1996,12.2,0.2,420
10,10,1996,10.6,0,467
11,10,1996,7.4,0,928
12,10,1996,9.3,0,944
13,10,1996,10,0,968
14,10,1996,8.6,0,922
15,10,1996,9.9,0,864
16,10,1996,12.5,0.9,550
17,10,1996,11,0.3,237
18,10,1996,10.2,0,282
19,10,1996,10.6,0.6,968
20,10,1996,9,3.5,377
21,10,1996,7.7,3.2,237
22,10,1996,8.6,2.3,299
23,10,1996,6.1,0,337
24,10,1996,7.1,0,481
25,10,1996,6,0,1023
26,10,1996,7.3,0,928
27,10,1996,9.7,12.2,237
28,10,1996,12.6,2.6,282
29,10,1996,10.3,8.3,308
30,10,1996,8.4,0.8,462
31,10,1996,8.8,0.2,356
1,11,1996,9.2,0.9,188
2,11,1996,11.4,1.5,167
3,11,1996,13.7,0,216
4,11,1996,12.8,0,577
5,11,1996,12.4,0,347
6,11,1996,9.8,1.4,244
7,11,1996,9.6,2.1,264
8,11,1996,5,0.2,485
9,11,1996,4.8,3,318
10,11,1996,5.4,0.1,161
11,11,1996,6.9,0,322
12,11,1996,7.8,0.4,161
13,11,1996,6,1.2,161
14,11,1996,2.7,0,251
15,11,1996,2.8,0.1,173
16,11,1996,3.2,1.8,142
17,11,1996,4.7,0.1,142
18,11,1996,5.9,4.2,161
19,11,1996,2.2,0.3,161
20,11,1996,3.8,0,161
21,11,1996,4,2.3,193
22,11,1996,3.4,0,229
23,11,1996,-0.8,0,188
24,11,1996,0,0,161
25,11,1996,-0.7,0,434
26,11,1996,-0.1,0.3,151.9
27,11,1996,-0.2,0.6,142
28,11,1996,0.2,3,142
29,11,1996,-0.2,2,233
30,11,1996,1,2.2,142
1,12,1996,1,3.1,100
2,12,1996,3.7,4.1,115
3,12,1996,3.8,0.5,173
4,12,1996,4.2,0,235
5,12,1996,0.1,0,282
6,12,1996,-1.2,0,325
7,12,1996,-1.2,0,100
8,12,1996,-1,0,100
9,12,1996,-1,0,100
10,12,1996,-0.6,0,100
11,12,1996,-0.9,0,100
12,12,1996,0.6,0,115
13,12,1996,0.7,0,100
14,12,1996,-2.3,0,288
15,12,1996,1.4,0.4,158
16,12,1996,-1.9,0,115
17,12,1996,0.4,0,115
18,12,1996,2,2.9,115
19,12,1996,-0.6,0,119
20,12,1996,-4.9,0,131
21,12,1996,-8.6,0,263
22,12,1996,-5.7,0,145
23,12,1996,-5,0,119
24,12,1996,-8,0,181
25,12,1996,-5.4,0,305
26,12,1996,-9.8,0,128
27,12,1996,-10.6,0,119
28,12,1996,-15.8,0,344
29,12,1996,-12.4,1.7,119
30,12,1996,-13.8,0,348
31,12,1996,-14.2,0,170
1,1,1997,-18.6,0,434
2,1,1997,-17.1,0,420
3,1,1997,-8.8,0,142
4,1,1997,-7.8,0,174
5,1,1997,-8.9,0,283
6,1,1997,-4.8,0,142
7,1,1997,-5.9,0,142
8,1,1997,-6.3,0.1,142
9,1,1997,-5.4,0.1,142
10,1,1997,-6.5,0,125
11,1,1997,-6.4,0.5,125
12,1,1997,-5.5,0,142
13,1,1997,-0.3,0,154
14,1,1997,1.5,0,430
15,1,1997,-0.2,0,430
16,1,1997,-3.7,0,454
17,1,1997,-3.5,0,464
18,1,1997,0.4,0.2,154
19,1,1997,0.6,2.1,125
20,1,1997,0.9,0.2,142
21,1,1997,0,0,267
22,1,1997,1.4,0,371
23,1,1997,4.4,0,312
24,1,1997,1.2,0,142
25,1,1997,-0.9,0,154
26,1,1997,-3.1,0,321
27,1,1997,-3.2,0,495
28,1,1997,1.6,0.1,125
29,1,1997,1.6,0.4,125
30,1,1997,2.6,0.6,142
31,1,1997,0.6,0,334
1,2,1997,-2.7,0,770
2,2,1997,-3.8,0,939
3,2,1997,-1.4,0,340
4,2,1997,2.4,2.7,286
5,2,1997,1.4,0,286
6,2,1997,2.1,0,524
7,2,1997,5.9,0,636
8,2,1997,3.6,0,798
9,2,1997,5.9,0,315
10,2,1997,8.9,0.3,685
11,2,1997,5.2,0.9,657
12,2,1997,6,5.7,245
13,2,1997,6.2,11.1,330
14,2,1997,3,0.2,334
15,2,1997,-0.3,0.1,317
16,2,1997,-3.7,0,286
17,2,1997,-2,0,423
18,2,1997,2.8,5.7,245
19,2,1997,3.4,4.1,601
20,2,1997,6.3,1.1,503
21,2,1997,7.5,1.4,299
22,2,1997,8.6,0,657
23,2,1997,9.2,0,756
24,2,1997,11.6,1.3,299
25,2,1997,10.6,17.1,299
26,2,1997,6.4,10.2,409
27,2,1997,3,0,784
28,2,1997,8.7,0,812
1,3,1997,9,0,1029
2,3,1997,11.4,0,1188
3,3,1997,6.9,0,1177
4,3,1997,2.9,0,1314
5,3,1997,6.9,0,1370
6,3,1997,5.9,0,547
7,3,1997,2.7,0,1360
8,3,1997,7.6,0,899
9,3,1997,3.9,0,1032
10,3,1997,4.9,0,1224
11,3,1997,7,0,1341
12,3,1997,3.3,0,307
13,3,1997,7.2,0,307
14,3,1997,9.4,0.1,502
15,3,1997,8.8,5,307
16,3,1997,3,1.4,1132
17,3,1997,-0.5,0,688
18,3,1997,1.3,7.6,896.3
19,3,1997,-0.6,0.7,307
20,3,1997,-2.8,0,872
21,3,1997,0.1,0,800
22,3,1997,-0.6,0,696
23,3,1997,1.6,0,1164
24,3,1997,2.2,0,1180
25,3,1997,1.5,0,1219
26,3,1997,7.4,1,1386
27,3,1997,10.6,2.6,1237
28,3,1997,6.5,4.2,899
29,3,1997,4.6,0,736
30,3,1997,6.7,0.1,1441
31,3,1997,8.7,0,1433
1,4,1997,9.6,0,1881
2,4,1997,8.2,0,1215
3,4,1997,7.5,3.3,1407
4,4,1997,4.4,0.3,1467
5,4,1997,4.6,13.8,405
6,4,1997,1.4,0.1,1578
7,4,1997,1.7,0,2042
8,4,1997,4.6,0,1303
9,4,1997,8.6,0,934
10,4,1997,9.6,0,1325
11,4,1997,6,1.1,1156
12,4,1997,1.8,0,1558
13,4,1997,5.6,0.3,1799
14,4,1997,6.3,0.8,552
15,4,1997,2.4,1.7,1514
16,4,1997,3.6,0.2,1649
17,4,1997,6,0,1230
18,4,1997,6.2,1.4,699
19,4,1997,3,0,1447
20,4,1997,2.7,0,2179
21,4,1997,4.1,0,1746
22,4,1997,6.4,0,1451
23,4,1997,5.5,0,2042
24,4,1997,11.8,0,1947
25,4,1997,8.5,0,1256
26,4,1997,8.8,0,2021
27,4,1997,13.2,0,1493
28,4,1997,13,5.1,1180
29,4,1997,10.7,9.9,617
30,4,1997,9.6,1.6,405
1,5,1997,8.8,0,963
2,5,1997,15.6,0,1875
3,5,1997,12.8,0,2144
4,5,1997,15.2,0,1997
5,5,1997,15.6,3.5,1175
6,5,1997,14.8,17.1,1797
7,5,1997,6.1,0,1676
8,5,1997,8.6,0.6,1246
9,5,1997,11.3,0,1831
10,5,1997,12,0,2074
11,5,1997,17.4,0,2080
12,5,1997,17.2,0,2382
13,5,1997,16.7,0,1949
14,5,1997,19.2,5.4,2251
15,5,1997,16.5,0,1786
16,5,1997,18.4,0,2347
17,5,1997,20.2,0,2371
18,5,1997,21.4,0,2371
19,5,1997,17.8,0.5,1855
20,5,1997,16.2,1.9,994
21,5,1997,13.5,10.5,1462
22,5,1997,9.2,3.8,529
23,5,1997,8,0.1,841
24,5,1997,8,0,2229
25,5,1997,11.2,0,2447
26,5,1997,12,2.7,1521
27,5,1997,10.2,3.2,547
28,5,1997,10.2,0,2008
29,5,1997,11.6,1.5,1311
30,5,1997,8.9,0,1984
31,5,1997,10.2,0,2296
1,6,1997,11.5,1.3,1264
2,6,1997,13.8,0,2789
3,6,1997,14.2,0,2600
4,6,1997,18.2,0,2245
5,6,1997,18.3,0,2556
6,6,1997,19.3,0,2856
7,6,1997,21.2,0,2834
8,6,1997,21.4,0,2711
9,6,1997,18.6,0,2095
10,6,1997,18.7,0,2689
11,6,1997,20.6,0,2767
12,6,1997,23,9.4,2145
13,6,1997,20.8,16.1,1697
14,6,1997,18.7,0.6,1923
15,6,1997,15.6,0,1296
16,6,1997,13.4,0,2489
17,6,1997,14.7,0,2734
18,6,1997,13.2,0,2652
19,6,1997,15.8,0,2134
20,6,1997,14,1.5,889
21,6,1997,16.8,6.4,996
22,6,1997,13.8,3.8,1063
23,6,1997,14.4,2.6,2068
24,6,1997,13.7,2.7,1331
25,6,1997,12.6,0,1709
26,6,1997,16.5,0.7,1031
27,6,1997,17.4,3,720
28,6,1997,20.2,7.7,2261
29,6,1997,26.5,0,2578
30,6,1997,20,0.5,1921
1,7,1997,17.7,0,1517
2,7,1997,19.6,0,2467
3,7,1997,20.2,4.7,1672
4,7,1997,17.8,2.5,1551
5,7,1997,17.5,0,1985
6,7,1997,17,0,1462
7,7,1997,19.4,0,2103
8,7,1997,19.5,0,2498
9,7,1997,18.2,0,2146
10,7,1997,18.6,0,2315
11,7,1997,19.6,0,2279
12,7,1997,18.4,0,2511
13,7,1997,17.8,0,2449
14,7,1997,19.6,0,2523
15,7,1997,19.2,0,1263
16,7,1997,18.1,0.2,1121
17,7,1997,19.2,26.9,1317
18,7,1997,16.2,18.8,605
19,7,1997,17,21.8,946
20,7,1997,16.1,25.7,605
21,7,1997,19.2,2.2,1590
22,7,1997,20.6,0,2566
23,7,1997,19.2,0,2065
24,7,1997,20.4,0,1904
25,7,1997,19.8,12.7,1694
26,7,1997,18.7,0.6,1554
27,7,1997,20.5,0,1835
28,7,1997,17.7,0,2445
29,7,1997,16.8,5,1602
30,7,1997,19.2,1.5,2390
31,7,1997,16.2,7.5,1230
1,8,1997,15.6,0,1370
2,8,1997,17.6,0,1871
3,8,1997,20,0,1736
4,8,1997,19.6,1.2,1500
5,8,1997,19.6,0,2139
6,8,1997,19,0.6,1305
7,8,1997,19,0,1381
8,8,1997,21.2,0,2168
9,8,1997,20.5,0,2159
10,8,1997,22,0,2149
11,8,1997,22.8,0,2194
12,8,1997,22.2,0,2139
13,8,1997,22.6,0,1883
14,8,1997,24.2,0,1877
15,8,1997,20.8,0,953
16,8,1997,20.9,0,1765
17,8,1997,20.2,0,2036
18,8,1997,19,0,1898
19,8,1997,21.2,0,1845
20,8,1997,22.3,0,1898
21,8,1997,23,0,2099
22,8,1997,23.2,0,1844
23,8,1997,21.2,0,808
24,8,1997,24.2,0,1648
25,8,1997,23.2,0,2089
26,8,1997,24.2,0,2089
27,8,1997,21.9,0,1854
28,8,1997,22.6,2,2004
29,8,1997,15,58,495
30,8,1997,15.4,0,1143
31,8,1997,18,0,1871
1,9,1997,20,0,1626
2,9,1997,21.3,0,1454
3,9,1997,18.2,0,414
4,9,1997,18.4,0.3,414
5,9,1997,20.4,11.6,1266
6,9,1997,15.8,0.5,988
7,9,1997,16.1,0,1259
8,9,1997,18,0,1023
9,9,1997,12.8,2.9,1139
10,9,1997,12.7,0,1014
11,9,1997,12.4,0,731
12,9,1997,18.8,5.2,1412
13,9,1997,12.4,1.8,837
14,9,1997,11.6,0,1538
15,9,1997,12.3,0,1577
16,9,1997,15,0,1642
17,9,1997,15.2,0,1052
18,9,1997,13.3,0,586
19,9,1997,9.8,0,1422
20,9,1997,7.6,0,1361
21,9,1997,8.6,0,1500
22,9,1997,9.7,0,1122
23,9,1997,12,0,969
24,9,1997,10.7,0,1371
25,9,1997,12.4,0,1519
26,9,1997,13.6,0,1398
27,9,1997,11.4,0,797
28,9,1997,8.8,0,1491
29,9,1997,12.8,0.8,1398
30,9,1997,13.5,0,833
1,10,1997,12.4,3.2,729
2,10,1997,10.8,0,905
3,10,1997,10.2,0,705
4,10,1997,13.6,0,356
5,10,1997,14.8,0,299
6,10,1997,14.8,0,944
7,10,1997,16.8,0,529
8,10,1997,16.2,0.3,445
9,10,1997,18.7,5.4,445
10,10,1997,13,8.2,332
11,10,1997,10.3,0.5,507
12,10,1997,9,0.2,507
13,10,1997,8.3,1.3,674
14,10,1997,4,2.2,531
15,10,1997,4.6,0.9,455
16,10,1997,2.3,0,976
17,10,1997,7.1,0,939
18,10,1997,11.7,0,654
19,10,1997,12.2,0,1103
20,10,1997,6.8,0,459
21,10,1997,0.6,0,1073
22,10,1997,2.1,0,512
23,10,1997,6.5,0.8,604
24,10,1997,1.2,0,1022
25,10,1997,0.8,10.6,282
26,10,1997,-1.1,0,705
27,10,1997,-1.1,0,1055
28,10,1997,-0.2,1.1,1073
29,10,1997,3.6,0.2,328
30,10,1997,3.6,0,332
31,10,1997,3.5,0,282
1,11,1997,1.1,0,434
2,11,1997,4,0.3,142
3,11,1997,2.3,0,560
4,11,1997,-0.2,0,465
5,11,1997,3.6,0,187
6,11,1997,6.2,2.1,161
7,11,1997,11,0.2,341
8,11,1997,8.4,0,161
9,11,1997,8.4,0.3,423
10,11,1997,8.4,0,465
11,11,1997,6.3,0,445
12,11,1997,4.3,0,105
13,11,1997,5.5,0,193
14,11,1997,5.3,0,161
15,11,1997,3.9,4.3,167
16,11,1997,3.6,0,142
17,11,1997,5.1,0,161
18,11,1997,0.6,0,276
19,11,1997,-1.3,0,245
20,11,1997,-0.6,0,552
21,11,1997,0,0,142
22,11,1997,0.1,0,161
23,11,1997,-0.6,0,142
24,11,1997,-0.4,0,161
25,11,1997,0.4,0,161
26,11,1997,-0.4,0,142
27,11,1997,-1.1,0,215
28,11,1997,-0.7,0.5,188
29,11,1997,4,1,142
30,11,1997,6,0.1,142
1,12,1997,1.7,1.1,100
2,12,1997,-0.6,0,100
3,12,1997,1.9,0.9,115
4,12,1997,1,0,115
5,12,1997,-0.6,0.6,162
6,12,1997,1.2,4.3,115
7,12,1997,5.1,2.2,85
8,12,1997,4.6,0,115
9,12,1997,3.6,1.3,132
10,12,1997,7.3,11.6,100
11,12,1997,9.2,4.2,128
12,12,1997,6.7,3.1,119
13,12,1997,3.3,4,115
14,12,1997,1.5,1.5,153
15,12,1997,-4.2,0,119
16,12,1997,-10.2,0,291
17,12,1997,-10.7,0,319
18,12,1997,-5.9,0,387
19,12,1997,-2.3,2.2,115
20,12,1997,-1.3,4.2,105
21,12,1997,0.4,0.8,85
22,12,1997,-0.4,0,100
23,12,1997,0.6,0,100
24,12,1997,3.8,6.8,105
25,12,1997,8.8,0.2,305
26,12,1997,9,0.1,250
27,12,1997,5.1,3.2,129
28,12,1997,3.5,0.8,100
29,12,1997,3.3,0.9,134
30,12,1997,2,0,301
31,12,1997,4.4,0.1,131
1,1,1998,5.4,0.1,205
2,1,1998,5.4,1.1,229.1
3,1,1998,7.2,5.4,257
4,1,1998,5.8,0.9,210.8
5,1,1998,5.8,5.6,246.4
6,1,1998,4.6,1.4,136.7
7,1,1998,6.3,7.6,136.7
8,1,1998,6.8,10.3,205
9,1,1998,8.6,14.1,120.3
10,1,1998,8.4,0,372.5
11,1,1998,4,0,489
12,1,1998,3.6,0,474.6
13,1,1998,0.9,0,236.8
14,1,1998,4.4,0,370.6
15,1,1998,5.3,0.9,238.7
16,1,1998,6,1.1,120.3
17,1,1998,4.8,0.1,309
18,1,1998,4.4,0,191.6
19,1,1998,3.2,4.9,136.7
20,1,1998,1.7,2.3,120.3
21,1,1998,0.2,0.1,148.2
22,1,1998,2.3,0.1,177.1
23,1,1998,-0.9,1.6,148.2
24,1,1998,-2.2,2,120.3
25,1,1998,-6.1,0,412
26,1,1998,-7.3,0,372.5
27,1,1998,-6.1,1,120.3
28,1,1998,-1.2,0.6,120.3
29,1,1998,-3.8,0,482.3
30,1,1998,0.6,3,136.7
31,1,1998,-7.8,0,582.4
1,2,1998,-8.6,0,714.3
2,2,1998,-5.8,0.5,667.1
3,2,1998,-1.1,0.1,308
4,2,1998,-0.5,0.1,667.1
5,2,1998,2.4,0.6,372.5
6,2,1998,3.8,0,275.3
7,2,1998,3,1.8,612.2
8,2,1998,2.6,0,324.4
9,2,1998,5.2,0,477.5
10,2,1998,6.4,0,551.6
11,2,1998,7.6,2,422.6
12,2,1998,11.8,0.2,275.3
13,2,1998,9.6,6.6,191.6
14,2,1998,12,0.7,317.7
15,2,1998,11.2,0.6,235.8
16,2,1998,9.6,1.8,287.8
17,2,1998,3.3,0.1,897.2
18,2,1998,6.6,0.1,191.6
19,2,1998,6.6,0,761.4
20,2,1998,5.2,0,296.5
21,2,1998,8.9,0,822.1
22,2,1998,7.7,0,463
23,2,1998,4.9,0.3,605.5
24,2,1998,8.9,1,191.6
25,2,1998,8.2,0.2,235.8
26,2,1998,8.8,0,287.8
27,2,1998,9,0.1,308
28,2,1998,4.1,4.5,310
1,3,1998,1.2,0.8,735.5
2,3,1998,4.8,2.5,607.4
3,3,1998,8.4,9.3,295.5
4,3,1998,12.5,2.8,655.6
5,3,1998,4.4,4.2,692.1
6,3,1998,3,5.9,680.6
7,3,1998,7,16.3,295.5
8,3,1998,2.7,2,295.5
9,3,1998,-1.1,1.8,1311.1
10,3,1998,-1.2,0,1178.3
11,3,1998,-0.4,0,1373.7
12,3,1998,0,0,747
13,3,1998,2,0.8,865.4
14,3,1998,3.8,0,1366.9
15,3,1998,0.5,0.1,441.8
16,3,1998,5.6,11.8,394.7
17,3,1998,7.8,1.3,295.5
18,3,1998,7.8,0.1,614.2
19,3,1998,4.1,1.7,1204.3
20,3,1998,2.1,0,1188.9
21,3,1998,1.4,0,1264.9
22,3,1998,1.2,0.1,874.1
23,3,1998,0.6,0,1365
24,3,1998,0.5,0,1334.2
25,3,1998,-0.3,0,1326.5
26,3,1998,3.8,0,1431.4
27,3,1998,7.4,0.3,483.2
28,3,1998,9,0,483.2
29,3,1998,9.9,0,1219.7
30,3,1998,10.5,0,672.2
31,3,1998,13.8,0,996.3
1,4,1998,10.6,5.3,1388.1
2,4,1998,5.8,7.7,389.9
3,4,1998,11.6,2.1,421.6
4,4,1998,10.1,0.8,768.2
5,4,1998,11.1,0.3,1519
6,4,1998,9,0,1409.3
7,4,1998,8.5,5.2,614.2
8,4,1998,6,5.3,437
9,4,1998,4.8,3.4,389.9
10,4,1998,10,0,1541.2
11,4,1998,7.1,3.4,421.6
12,4,1998,7,4,614.2
13,4,1998,4.6,0,949.2
14,4,1998,4.3,0,1684.6
15,4,1998,9.6,0.1,1387.2
16,4,1998,6.4,0.2,1091.6
17,4,1998,7.7,0.5,785.5
18,4,1998,5.8,0.2,389.9
19,4,1998,5.2,0,957.8
20,4,1998,8.8,0,1820.3
21,4,1998,9,10.4,640.2
22,4,1998,9.2,0,1016.5
23,4,1998,11.5,0,1624
24,4,1998,13.3,0.1,1388.1
25,4,1998,15,1.4,1665.4
26,4,1998,16.4,0.1,1103.2
27,4,1998,18.6,0,1407.4
28,4,1998,15,0.1,779.7
29,4,1998,17,0.1,1722.1
30,4,1998,18.6,0,1904.1
1,5,1998,16.8,0,2177.5
2,5,1998,15.6,13.1,2135.1
3,5,1998,14,1.7,1745.3
4,5,1998,8,2.8,823.1
5,5,1998,9.4,0.6,1199.4
6,5,1998,11.6,0.2,939.5
7,5,1998,14.8,0.1,1006.9
8,5,1998,15.6,0,2103.4
9,5,1998,18.2,0,2316.1
10,5,1998,20.9,0,2459.5
11,5,1998,20.1,0,2345
12,5,1998,18.3,0,2305.5
13,5,1998,14,0,2168.8
14,5,1998,11.6,0,2411.4
15,5,1998,13,0,1793.4
16,5,1998,13.1,0.1,2400.8
17,5,1998,14.3,0,1527.7
18,5,1998,15.9,0,2369
19,5,1998,16.8,0,2386.4
20,5,1998,14.1,0,2251.6
21,5,1998,9.8,2.1,1548.9
22,5,1998,9.4,0.9,1368.9
23,5,1998,11,0.1,1866.5
24,5,1998,10.8,2.6,731.6
25,5,1998,12.9,0.1,1120.5
26,5,1998,13.8,0.6,1757.8
27,5,1998,16.8,0.1,1943.6
28,5,1998,21.7,0,2314.2
29,5,1998,23,0,2511.5
30,5,1998,19.3,22.7,1673.1
31,5,1998,17.6,3.1,1433.4
1,6,1998,17.6,0.1,1371.8
2,6,1998,18.3,4,1765.5
3,6,1998,17.5,1.5,1804.9
4,6,1998,19.3,0,2417.2
5,6,1998,19.4,0,2520.2
6,6,1998,24.3,16.6,2299.7
7,6,1998,22.4,16.4,2137
8,6,1998,17,0,1735.6
9,6,1998,20.7,0,2631.8
10,6,1998,18.5,3.2,1189.8
11,6,1998,16.5,0.1,1224.5
12,6,1998,15.4,2.5,1101.3
13,6,1998,11.5,0,1259.1
14,6,1998,14.9,0,1807.8
15,6,1998,15,0,2377.7
16,6,1998,15.3,0.5,1514.2
17,6,1998,15.6,0,2374.8
18,6,1998,13.5,0.1,1723.1
19,6,1998,17.6,0.1,2002.3
20,6,1998,18.4,0,1793.4
21,6,1998,20.4,3.1,2126.5
22,6,1998,18.1,9.4,1720.2
23,6,1998,14.8,6.4,1307.3
24,6,1998,14.9,0.5,609.3
25,6,1998,18.6,0.3,2531.7
26,6,1998,18.1,0,1688.5
27,6,1998,20.4,0.1,1733.7
28,6,1998,18.1,0,2224.6
29,6,1998,17.7,4.1,2049.4
30,6,1998,15.7,2.5,1036.8
1,7,1998,15.4,3.4,1612.4
2,7,1998,16.6,0,1977.2
3,7,1998,16.2,0.3,1662.5
4,7,1998,13.8,3.5,582.4
5,7,1998,14.6,8.9,615.1
6,7,1998,14.2,0.1,1694.2
7,7,1998,12.7,0.3,1478.6
8,7,1998,12.6,0.2,1467.1
9,7,1998,14.1,2.9,1098.4
10,7,1998,13.8,0.1,1556.6
11,7,1998,15.8,2.7,1422.8
12,7,1998,16,2.5,1599.9
13,7,1998,15.9,6.1,728.7
14,7,1998,16.2,0.1,2183.3
15,7,1998,16.4,0.1,1865.6
16,7,1998,15.7,0.1,1567.2
17,7,1998,16.4,0.2,2021.5
18,7,1998,17.7,5.3,2021.5
19,7,1998,17.2,0,2492.3
20,7,1998,24.7,0,2474.9
21,7,1998,26,7.4,2215
22,7,1998,22.1,0,1928.2
23,7,1998,21.9,3.2,2225.6
24,7,1998,19.5,0,2098.5
25,7,1998,17.1,0,1768.4
26,7,1998,19,0,2087.9
27,7,1998,19.9,4.8,1237
28,7,1998,17.8,5.5,1766.4
29,7,1998,17.5,0.9,1343.8
30,7,1998,17.8,3.4,1722.1
31,7,1998,18.3,0,2381.6
1,8,1998,19,0.1,1916.6
2,8,1998,18.6,1.3,1359.2
3,8,1998,17,0,1168.6
4,8,1998,18.2,0.3,996.3
5,8,1998,17.4,0.1,1590.3
6,8,1998,18.2,0,1827.1
7,8,1998,19.6,0.1,1057.9
8,8,1998,21.9,0,1747.2
9,8,1998,17.9,0,2134.2
10,8,1998,18.6,0,2203.5
11,8,1998,20.1,0,1796.3
12,8,1998,22.3,1.2,1690.4
13,8,1998,17.8,1,1226.4
14,8,1998,14.7,0.1,1289
15,8,1998,20.6,0,1614.3
16,8,1998,18.1,0,1490.2
17,8,1998,18.5,0,1907.9
18,8,1998,20.8,0,1725
19,8,1998,15.2,0,1973.4
20,8,1998,19.2,0,1959.9
21,8,1998,16,8.9,746
22,8,1998,14.2,1.8,1599.9
23,8,1998,13.6,8.7,1208.1
24,8,1998,12.6,2.8,1027.1
25,8,1998,13.5,2.1,1509.4
26,8,1998,13,0.7,1481.5
27,8,1998,11.4,3.5,1359.2
28,8,1998,11.8,9,808.6
29,8,1998,12.6,6.7,1225.4
30,8,1998,13.3,4.8,1439.1
31,8,1998,11.4,8.9,871.2
1,9,1998,13.2,0,1159
2,9,1998,14.3,0,1190.8
3,9,1998,15,0,1696.2
4,9,1998,15.2,0,1033.9
5,9,1998,18,0.9,1181.2
6,9,1998,15.6,0.1,398.5
7,9,1998,16.8,0,850
8,9,1998,17.4,1.3,969.4
9,9,1998,20.7,4,1321.7
10,9,1998,19.7,0.7,1237
11,9,1998,16.8,0.1,693.1
12,9,1998,14.1,25.5,398.5
13,9,1998,10.6,0.6,527.5
14,9,1998,9.5,1.5,997.3
15,9,1998,11.5,4.8,721
16,9,1998,11.6,2.2,795.1
17,9,1998,11.8,0,564.1
18,9,1998,11.6,0,988.6
19,9,1998,13.2,0,610.3
20,9,1998,13.3,0,1402.6
21,9,1998,11.2,0,746
22,9,1998,13.2,0,924.1
23,9,1998,12.4,0,527.5
24,9,1998,11.6,0,868.3
25,9,1998,12.2,0,1154.2
26,9,1998,12.6,0.1,1144.6
27,9,1998,14.6,1,794.2
28,9,1998,14.7,0.1,1172.5
29,9,1998,14.5,0,583.4
30,9,1998,11,0,527.5
1,10,1998,7,0,308
2,10,1998,4.1,8.4,319.6
3,10,1998,2.5,7.7,271.5
4,10,1998,6,0,335
5,10,1998,4.9,0,271.5
6,10,1998,6.4,0,778.8
7,10,1998,8.6,2.7,319.6
8,10,1998,8.8,0.1,321.5
9,10,1998,10.3,0.1,327.3
10,10,1998,10.1,5.3,271.5
11,10,1998,10.8,0.7,319.6
12,10,1998,8.3,5,618
13,10,1998,8.6,0,786.5
14,10,1998,12.7,3.3,271.5
15,10,1998,11.2,0,911.6
16,10,1998,8.8,0,1000.2
17,10,1998,16.8,1.4,782.6
18,10,1998,7.8,0.1,799
19,10,1998,5,0,977.1
20,10,1998,4.9,0.1,678.7
21,10,1998,8.4,3,411
22,10,1998,13.7,0,426.4
23,10,1998,15.6,2.2,774.9
24,10,1998,10.8,14.4,228.1
25,10,1998,9.7,1.7,335
26,10,1998,6.4,0.2,671
27,10,1998,8.6,21.4,548.7
28,10,1998,9.2,9.7,271.5
29,10,1998,8.2,3.4,565.1
30,10,1998,6,4.2,319.6
31,10,1998,5.4,1.5,548.7
1,11,1998,4.6,16.5,136.7
2,11,1998,4.9,0.6,247.4
3,11,1998,6.2,4.9,251.2
4,11,1998,6.9,0.4,510.2
5,11,1998,3.9,2.2,315.7
6,11,1998,6.3,4.4,231
7,11,1998,3.8,0,288.8
8,11,1998,2.8,0,192.5
9,11,1998,3.3,5.8,101.1
10,11,1998,8,4.5,136.7
11,11,1998,5.1,0.5,413
12,11,1998,4.4,0.2,155
13,11,1998,2.2,0.1,258.9
14,11,1998,2.7,1.8,155
15,11,1998,1.6,0.1,136.7
16,11,1998,1.6,0.2,136.7
17,11,1998,0.8,0.8,155
18,11,1998,-1.3,0.1,234.9
19,11,1998,-1.1,1,195.4
20,11,1998,-1.2,0.4,247.4
21,11,1998,-7.5,0.1,404.3
22,11,1998,-8.2,0.1,299.4
23,11,1998,-6.8,0,181
24,11,1998,-6.4,0,413
25,11,1998,-4.6,0.2,136.7
26,11,1998,-1.7,0.1,136.7
27,11,1998,-0.2,0,136.7
28,11,1998,0.9,0,101.1
29,11,1998,-0.3,0,136.7
30,11,1998,-1.4,0,155
1,12,1998,-5.8,0,196.4
2,12,1998,-7,0,114.6
3,12,1998,-5.7,0.2,114.6
4,12,1998,-2.1,0.5,96.3
5,12,1998,-0.6,1.6,110.7
6,12,1998,-1.6,2.8,114.6
7,12,1998,-2.4,0.5,118.4
8,12,1998,-3,0,152.1
9,12,1998,-9.5,0,241.6
10,12,1998,-9,0,110.7
11,12,1998,-11.2,0,262.8
12,12,1998,-3.3,5.7,81.8
13,12,1998,6,8.1,138.6
14,12,1998,5.7,2,96.3
15,12,1998,9.4,8.9,96.3
16,12,1998,6.2,0.2,132.8
17,12,1998,4.5,0,310
18,12,1998,4.9,0.2,324.4
19,12,1998,5.8,5.2,166.5
20,12,1998,1.9,0.1,189.6
21,12,1998,-2.2,0,110.7
22,12,1998,-1.4,0.1,96.3
23,12,1998,-0.8,0,96.3
24,12,1998,0.7,0.2,114.6
25,12,1998,2.4,0.5,114.6
26,12,1998,6.4,4.3,277.2
27,12,1998,9.4,0.5,122.3
28,12,1998,8.9,0,270.5
29,12,1998,1.9,0,271.5
30,12,1998,0.9,0,171.3
31,12,1998,-0.3,0,345.6
